first_name,last_name,email
Christie,Kinig,ckinig0@examiner.com
Shayla,Favey,sfavey1@example.com
Briggs,Nanninini,bnanninini2@edublogs.org
Daisi,Braiden,dbraiden3@google.nl
Mattias,Bromfield,mbromfield4@spotify.com
Oren,Parlet,oparlet5@clickbank.net
Inger,Vidyapin,ividyapin6@so-net.ne.jp
Eugine,Sember,esember7@spiegel.de
Haily,Rodda,hrodda8@dot.gov
Dario,Roocroft,droocroft9@vistaprint.com
Mitchell,Coldbath,mcoldbatha@google.co.jp
Herbert,Hurleston,hhurlestonb@buzzfeed.com
Hunter,von Nassau,hvonnassauc@home.pl
Addi,Featherstonhaugh,afeatherstonhaughd@cmu.edu
Leupold,Druitt,ldruitte@pagesperso-orange.fr
Cris,Boycott,cboycottf@europa.eu
Cliff,Braund,cbraundg@spiegel.de
Paddie,Lalley,plalleyh@homestead.com
Dorie,Pieterick,dpietericki@omniture.com
Hadrian,Tebbet,htebbetj@csmonitor.com
Durand,Gillings,dgillingsk@ucsd.edu
Garek,Voisey,gvoiseyl@trellian.com
Maressa,Windebank,mwindebankm@huffingtonpost.com
April,Paulou,apauloun@printfriendly.com
Eward,Nanson,enansono@princeton.edu
Vivienne,Lynock,vlynockp@barnesandnoble.com
Kristofer,Shay,kshayq@naver.com
Alfonse,Gianotti,agianottir@myspace.com
Townie,O'Day,todays@nydailynews.com
Ricardo,Wardington,rwardingtont@cnet.com
Phaedra,Ovitts,povittsu@mozilla.org
Chalmers,Goch,cgochv@newsvine.com
Lonna,Gornar,lgornarw@cornell.edu
Urban,Philbrook,uphilbrookx@patch.com
Mirabel,Dunrige,mdunrigey@woothemes.com
Harley,Alfwy,halfwyz@google.pl
Viki,Rallinshaw,vrallinshaw10@usda.gov
Abrahan,Simon,asimon11@hostgator.com
Jacquetta,Rowet,jrowet12@abc.net.au
Morey,Arch,march13@redcross.org
Brade,Blazejewski,bblazejewski14@prlog.org
Reyna,Ackers,rackers15@comcast.net
Sayre,Maker,smaker16@census.gov
Daveta,Mundee,dmundee17@princeton.edu
Goddard,Spyvye,gspyvye18@vk.com
Pancho,Gherardesci,pgherardesci19@wordpress.com
Kit,Birtles,kbirtles1a@weebly.com
Vittoria,Potes,vpotes1b@behance.net
Andres,Chipman,achipman1c@technorati.com
Linc,Mufford,lmufford1d@redcross.org
Ignacio,Locksley,ilocksley1e@unicef.org
Thorvald,Shotbolt,tshotbolt1f@jalbum.net
Sharia,Oakwell,soakwell1g@bigcartel.com
Erskine,Bailes,ebailes1h@nydailynews.com
Ram,Brand-Hardy,rbrandhardy1i@facebook.com
Cecilius,Sheekey,csheekey1j@acquirethisname.com
Valentina,Clapp,vclapp1k@cnbc.com
Filmer,Dudley,fdudley1l@tmall.com
Melessa,Allom,mallom1m@reference.com
Germain,Huyge,ghuyge1n@tiny.cc
Regen,Guillerman,rguillerman1o@discovery.com
Ingemar,Simenot,isimenot1p@sina.com.cn
Kienan,Emtage,kemtage1q@51.la
Emmery,Baynton,ebaynton1r@4shared.com
Aimee,Keggins,akeggins1s@irs.gov
Nickie,Silversmid,nsilversmid1t@cam.ac.uk
Dehlia,Shackleford,dshackleford1u@google.com.au
Dorrie,Penni,dpenni1v@comsenz.com
Cathrin,Cattermole,ccattermole1w@sciencedaily.com
Aurel,Dungee,adungee1x@usnews.com
Benjie,Balsillie,bbalsillie1y@un.org
Reginald,McQuade,rmcquade1z@tripadvisor.com
Suzanna,McGuiness,smcguiness20@blogger.com
Luci,Fright,lfright21@wordpress.org
Rafael,Bemand,rbemand22@marketwatch.com
Sibylle,Voysey,svoysey23@tmall.com
Danica,Bremmell,dbremmell24@google.it
Julee,Sibbe,jsibbe25@instagram.com
Dayle,Posselt,dposselt26@go.com
Shannon,Pasek,spasek27@mayoclinic.com
Marlee,Arlt,marlt28@freewebs.com
Shea,Tocque,stocque29@ed.gov
Janice,Rhucroft,jrhucroft2a@wikia.com
Darleen,Ilbert,dilbert2b@blogs.com
Pepita,Cromett,pcromett2c@opera.com
Cirillo,Blaxill,cblaxill2d@weebly.com
Cecilia,Woolstenholmes,cwoolstenholmes2e@whitehouse.gov
Sisile,Bluschke,sbluschke2f@sakura.ne.jp
Erich,Pettisall,epettisall2g@goo.gl
Fletch,Blizard,fblizard2h@webnode.com
Win,Weth,wweth2i@scribd.com
Leah,Fanton,lfanton2j@meetup.com
Alfie,Hardcastle,ahardcastle2k@yale.edu
Boris,Snowden,bsnowden2l@bbb.org
Tamara,Hartwell,thartwell2m@nsw.gov.au
Marcellina,Anyene,manyene2n@flavors.me
Katey,Mycroft,kmycroft2o@dagondesign.com
Moses,Morey,mmorey2p@amazon.co.jp
Brigitte,Gauford,bgauford2q@prlog.org
Johnathon,Samudio,jsamudio2r@skype.com
Miguel,García,miguel@example.com
Ana,López,ana@example.com
Miguel,García,miguel@example.com
Ana,López,ana@example.com
Miguel,García,miguel@example.com
Ana,López,ana@example.com
